{
    "N": 5,
    "T": 6.283185307179586,
    "T_multiplier": 2.0,
    "a0": 1.5707963267948966,
    "a_coefficients": [
        -0.6366197723675814,
        1.1102230246251565e-16,
        -0.07073553026306464,
        -1.1102230246251565e-16,
        -0.02546479089470301
    ],
    "b_coefficients": [
        3.0,
        -1.4999999999999993,
        0.9999999999999997,
        -0.7499999999999997,
        0.5999999999999998
    ],
    "mean_absolute_error": 0.4859747924501213,
    "mean_square_error": 0.7978492438845771
}